{
    "n_samples": 276,
    "avg_accuracy": 0.40942028985507245,
    "avg_input_tokens": 149.07971014492753,
    "avg_output_tokens": 217.59057971014494,
    "avg_total_tokens": 366.67028985507244
}