{
    "n_samples": 276,
    "avg_accuracy": 0.358695652173913,
    "avg_input_tokens": 142.07971014492753,
    "avg_output_tokens": 265.0,
    "avg_total_tokens": 407.07971014492756
}