{
    "n_samples": 313,
    "avg_accuracy": 0.7252396166134185,
    "avg_input_tokens": 110.27476038338658,
    "avg_output_tokens": 204.46006389776358,
    "avg_total_tokens": 314.73482428115017
}