{
    "n_samples": 436,
    "avg_accuracy": 0.7201834862385321,
    "avg_input_tokens": 127.87385321100918,
    "avg_output_tokens": 644.8073394495412,
    "avg_total_tokens": 772.6811926605504
}