{
    "n_samples": 421,
    "avg_accuracy": 0.16864608076009502,
    "avg_input_tokens": 212.31116389548694,
    "avg_output_tokens": 364.00712589073635,
    "avg_total_tokens": 576.3182897862233
}