{
    "n_samples": 276,
    "avg_accuracy": 0.2028985507246377,
    "avg_input_tokens": 142.07971014492753,
    "avg_output_tokens": 262.4891304347826,
    "avg_total_tokens": 404.5688405797101
}