{
    "n_samples": 276,
    "avg_accuracy": 0.427536231884058,
    "avg_input_tokens": 142.07971014492753,
    "avg_output_tokens": 231.39492753623188,
    "avg_total_tokens": 373.47463768115944
}