{
    "n_samples": 276,
    "avg_accuracy": 0.5,
    "avg_input_tokens": 142.07971014492753,
    "avg_output_tokens": 245.8695652173913,
    "avg_total_tokens": 387.9492753623188
}