{
    "n_samples": 177,
    "avg_accuracy": 0.22598870056497175,
    "avg_input_tokens": 148.80225988700565,
    "avg_output_tokens": 304.94350282485874,
    "avg_total_tokens": 453.7457627118644
}