{
    "n_samples": 276,
    "avg_accuracy": 0.4057971014492754,
    "avg_input_tokens": 148.07971014492753,
    "avg_output_tokens": 243.1014492753623,
    "avg_total_tokens": 391.1811594202899
}