{
    "n_samples": 276,
    "avg_accuracy": 0.37318840579710144,
    "avg_input_tokens": 141.03623188405797,
    "avg_output_tokens": 744.4130434782609,
    "avg_total_tokens": 885.4492753623189
}