{
    "n_samples": 276,
    "avg_accuracy": 0.43478260869565216,
    "avg_input_tokens": 141.03623188405797,
    "avg_output_tokens": 678.963768115942,
    "avg_total_tokens": 820.0
}