{
    "n_samples": 421,
    "avg_accuracy": 0.15676959619952494,
    "avg_input_tokens": 219.31116389548694,
    "avg_output_tokens": 318.0380047505938,
    "avg_total_tokens": 537.3491686460808
}