{
    "n_samples": 177,
    "avg_accuracy": 0.3672316384180791,
    "avg_input_tokens": 149.80225988700565,
    "avg_output_tokens": 884.4802259887006,
    "avg_total_tokens": 1034.2824858757062
}