{
    "n_samples": 276,
    "avg_accuracy": 0.47101449275362317,
    "avg_input_tokens": 148.07971014492753,
    "avg_output_tokens": 237.41304347826087,
    "avg_total_tokens": 385.4927536231884
}