{
    "n_samples": 436,
    "avg_accuracy": 0.5344036697247706,
    "avg_input_tokens": 134.87385321100916,
    "avg_output_tokens": 224.55963302752295,
    "avg_total_tokens": 359.4334862385321
}