{
    "n_samples": 436,
    "avg_accuracy": 0.5252293577981652,
    "avg_input_tokens": 135.87385321100916,
    "avg_output_tokens": 192.11926605504587,
    "avg_total_tokens": 327.99311926605503
}