{
    "n_samples": 276,
    "avg_accuracy": 0.38405797101449274,
    "avg_input_tokens": 148.07971014492753,
    "avg_output_tokens": 247.6159420289855,
    "avg_total_tokens": 395.69565217391306
}