{
    "n_samples": 276,
    "avg_accuracy": 0.22826086956521738,
    "avg_input_tokens": 143.03623188405797,
    "avg_output_tokens": 779.6340579710145,
    "avg_total_tokens": 922.6702898550725
}