{
    "n_samples": 313,
    "avg_accuracy": 0.7699680511182109,
    "avg_input_tokens": 117.27476038338658,
    "avg_output_tokens": 215.45047923322684,
    "avg_total_tokens": 332.7252396166134
}