{
    "n_samples": 436,
    "avg_accuracy": 0.3853211009174312,
    "avg_input_tokens": 134.87385321100916,
    "avg_output_tokens": 254.02293577981652,
    "avg_total_tokens": 388.8967889908257
}