{
    "n_samples": 436,
    "avg_accuracy": 0.591743119266055,
    "avg_input_tokens": 135.87385321100916,
    "avg_output_tokens": 204.401376146789,
    "avg_total_tokens": 340.27522935779814
}