{
    "n_samples": 276,
    "avg_accuracy": 0.427536231884058,
    "avg_input_tokens": 143.03623188405797,
    "avg_output_tokens": 695.5688405797101,
    "avg_total_tokens": 838.6050724637681
}