{
    "n_samples": 436,
    "avg_accuracy": 0.6238532110091743,
    "avg_input_tokens": 134.87385321100916,
    "avg_output_tokens": 221.81880733944953,
    "avg_total_tokens": 356.6926605504587
}