{
    "n_samples": 436,
    "avg_accuracy": 0.7339449541284404,
    "avg_input_tokens": 125.87385321100918,
    "avg_output_tokens": 650.7889908256881,
    "avg_total_tokens": 776.6628440366973
}