{
    "n_samples": 436,
    "avg_accuracy": 0.7454128440366973,
    "avg_input_tokens": 129.87385321100916,
    "avg_output_tokens": 575.8211009174312,
    "avg_total_tokens": 705.6949541284404
}